sid,search,"splunk_server","_time","is_realtime",provenance,"event_count","exec_time","result_count","scan_count",status,"total_run_time","api_et","search_et","api_lt","search_lt","__mv_sid","__mv_search","__mv_splunk_server","__mv__time","__mv_is_realtime","__mv_provenance","__mv_event_count","__mv_exec_time","__mv_result_count","__mv_scan_count","__mv_status","__mv_total_run_time","__mv_api_et","__mv_search_et","__mv_api_lt","__mv_search_lt"
"rt_md_1683198936.3","| metadata type=sourcetypes | search totalCount > 0",83ab9769e42e,"1683198936.488123",1,"UI:Search",0,1683198937,0,0,failed,"67.71000000000001",,,,,,,,,,,,,,,,,,,,
"1683198948.4","| mcatalog values(metric_name) as metrics WHERE NOT metric_name=""*_mrollup_*"" AND (""index""=""*"" OR ""index""=""_*"" ) 
    | mvexpand metrics limit=20000",83ab9769e42e,"1683198948.480621",0,,440,1683198949,270,440,canceled,"1.302","1683198048.000000000","1683198048.000000000",,,,,,,,,,,,,,,,,,
"rt_md_1683200678.3","| metadata type=sourcetypes | search totalCount > 0",83ab9769e42e,"1683200678.697886",1,"UI:Search",0,1683200679,0,0,failed,"168.964",,,,,,,,,,,,,,,,,,,,
"1683200789.4","| mcatalog values(metric_name) as metrics WHERE NOT metric_name=""*_mrollup_*"" AND (""index""=""*"" OR ""index""=""_*"" ) 
    | mvexpand metrics limit=20000",83ab9769e42e,"1683200789.494856",0,,880,1683200790,284,880,canceled,"1.124","1683199889.000000000","1683199889.000000000",,,,,,,,,,,,,,,,,,
"rt_md_1683202047.3","| metadata type=sourcetypes | search totalCount > 0",83ab9769e42e,"1683202047.854106",1,"UI:Search",0,1683202048,0,0,failed,"74.196",,,,,,,,,,,,,,,,,,,,
"1683202111.4","search index=_internal sourcetype=splunkd component=sendmodalert action=""logevent""",83ab9769e42e,"1683202111.858142",0,"UI:Search",0,1683202112,0,19,completed,"0.7030000000000001","1683115200.000000000","1683115200.000000000","1683202111.000000000","1683202111.000000000",,,,,,,,,,,,,,,,
"1683202265.5","| mcatalog values(metric_name) as metrics WHERE NOT metric_name=""*_mrollup_*"" AND (""index""=""*"" OR ""index""=""_*"" ) 
    | mvexpand metrics limit=20000",83ab9769e42e,"1683202265.690084",0,,920,1683202266,286,920,canceled,"0.633","1683201365.000000000","1683201365.000000000",,,,,,,,,,,,,,,,,,
"1683202305.6","| mcatalog values(metric_name) as metrics WHERE NOT metric_name=""*_mrollup_*"" AND (""index""=""*"" OR ""index""=""_*"" ) 
    | mvexpand metrics limit=20000",83ab9769e42e,"1683202305.485146",0,,723,1683202305,286,723,canceled,"0.714","1683201405.000000000","1683201405.000000000",,,,,,,,,,,,,,,,,,
"1683202328.7","| mcatalog values(metric_name) as metrics WHERE NOT metric_name=""*_mrollup_*"" AND (""index""=""*"" OR ""index""=""_*"" ) 
    | mvexpand metrics limit=20000",83ab9769e42e,"1683202328.828850",0,,835,1683202329,286,835,canceled,"0.902","1683201428.000000000","1683201428.000000000",,,,,,,,,,,,,,,,,,
"1683202376.8","| mcatalog values(metric_name) as metrics WHERE NOT metric_name=""*_mrollup_*"" AND (""index""=""*"" OR ""index""=""_*"" ) 
    | mvexpand metrics limit=20000",83ab9769e42e,"1683202376.757110",0,,656,1683202377,286,656,canceled,"0.554","1683201476.000000000","1683201476.000000000",,,,,,,,,,,,,,,,,,
"rt_md_1683202401.9","| metadata type=sourcetypes | search totalCount > 0",83ab9769e42e,"1683202401.151186",1,"UI:Search",0,1683202401,0,0,failed,"263.367",,,,,,,,,,,,,,,,,,,,
"1683202403.10","| history | search NOT search=""| history*"" AND NOT search=""*metadata*"" AND NOT search=""*loadjob*"" AND NOT savedsearch_name=""*"" AND NOT search=""search"" AND NOT search=""*from sid*"" AND NOT search=""| eventcount summarize=false index=* index=_**"" AND NOT provenance=""UI:LocateData"" AND NOT provenance=""UI:TableEditor"" AND NOT provenance=""UI:DataModel"" AND NOT provenance=""UI:Pivot"" AND NOT provenance=""UI:Dataset"" | dedup search | head 100000",83ab9769e42e,"1683202403.560682",0,"UI:Search",0,1683202404,2,0,completed,"0.6",,,,,,,,,,,,,,,,,,,,
"rt_md_1683202605.11","| metadata type=sourcetypes | search totalCount > 0",83ab9769e42e,"1683202605.206901",1,"UI:Search",0,1683202605,0,0,failed,"64.281",,,,,,,,,,,,,,,,,,,,
"1683202609.12","| mcatalog values(metric_name) as metrics WHERE NOT metric_name=""*_mrollup_*"" AND (""index""=""*"" OR ""index""=""_*"" ) 
    | mvexpand metrics limit=20000",83ab9769e42e,"1683202609.040570",0,,852,1683202609,288,852,canceled,"0.657","1683201709.000000000","1683201709.000000000",,,,,,,,,,,,,,,,,,
"1683202620.13","| mcatalog values(metric_name) WHERE metric_name=""spl.mlog.conf.count"" AND (""index""=""*"" OR ""index""=""_*"") AND NOT metric_name=""*_mrollup_*"" BY index | fields index",83ab9769e42e,"1683202620.876045",0,,14,1683202621,1,14,canceled,"0.621","1683199022.179000000","1683199022.179000000","1683202622.179000000","1683202622.179000000",,,,,,,,,,,,,,,,
"1683202623.15","| mstats avg(""spl.mlog.conf.count"") prestats=true WHERE ""index""=""_metrics"" earliest=1683199022.179 latest=1683202622.179 span=10s
| timechart avg(""spl.mlog.conf.count"") AS ""0 / 05664474-dd5b-4b3a-9af5-d3afc7dd4d0b / SERIES / Avg"" span=10s
| fields - _span*",83ab9769e42e,"1683202623.610240",0,,16,1683202623,361,16,canceled,"0.545",,"1683199022.179000000",,"1683202622.179000000",,,,,,,,,,,,,,,,
"rt_md_1683202686.16","| metadata type=sourcetypes | search totalCount > 0",83ab9769e42e,"1683202686.880138",1,"UI:Search",0,1683202686,0,0,failed,"107.224",,,,,,,,,,,,,,,,,,,,
"1683202692.17","| history | search NOT search=""| history*"" AND NOT search=""*metadata*"" AND NOT search=""*loadjob*"" AND NOT savedsearch_name=""*"" AND NOT search=""search"" AND NOT search=""*from sid*"" AND NOT search=""| eventcount summarize=false index=* index=_**"" AND NOT provenance=""UI:LocateData"" AND NOT provenance=""UI:TableEditor"" AND NOT provenance=""UI:DataModel"" AND NOT provenance=""UI:Pivot"" AND NOT provenance=""UI:Dataset"" | dedup search | head 100000",83ab9769e42e,"1683202692.674572",0,"UI:Search",0,1683202692,4,0,completed,"0.16",,,,,,,,,,,,,,,,,,,,
"1683202803.19","search source=""/var/log/*"" host=""83ab9769e42e""",83ab9769e42e,"1683202803.207800",0,"UI:Search",0,1683202803,0,0,completed,"0.547",,,,,,,,,,,,,,,,,,,,
"rt_md_1683202987.20","| metadata type=sourcetypes | search totalCount > 0",83ab9769e42e,"1683202987.048170",1,"UI:Search",0,1683202987,0,0,canceled,"16.287",,,,,,,,,,,,,,,,,,,,
"1683202991.21","| history | search NOT search=""| history*"" AND NOT search=""*metadata*"" AND NOT search=""*loadjob*"" AND NOT savedsearch_name=""*"" AND NOT search=""search"" AND NOT search=""*from sid*"" AND NOT search=""| eventcount summarize=false index=* index=_**"" AND NOT provenance=""UI:LocateData"" AND NOT provenance=""UI:TableEditor"" AND NOT provenance=""UI:DataModel"" AND NOT provenance=""UI:Pivot"" AND NOT provenance=""UI:Dataset"" | dedup search | head 100000",83ab9769e42e,"1683202991.217978",0,"UI:Search",0,1683202991,5,0,completed,"0.20400000000000001",,,,,,,,,,,,,,,,,,,,
"1683203003.23","search source=""/var/log/*"" host=""83ab9769e42e""",83ab9769e42e,"1683203003.563240",0,"UI:Search",0,1683203004,0,0,completed,"0.879","1683115200.000000000","1683115200.000000000","1683203003.000000000","1683203003.000000000",,,,,,,,,,,,,,,,
"1683203027.30","search source=""/var/log/*"" host=""192.168.2.21""",83ab9769e42e,"1683203027.909294",0,"UI:Search",0,1683203027,0,0,completed,"0.493","1683115200.000000000","1683115200.000000000","1683203027.000000000","1683203027.000000000",,,,,,,,,,,,,,,,
"1683203324.31","search source=""/home/splunk/*"" host=""83ab9769e42e""",83ab9769e42e,"1683203324.579614",0,"UI:Search",8,1683203324,8,8,completed,"0.762",,,,,,,,,,,,,,,,,,,,
"1683203342.32","search source=""/home/splunk/*"" host=""83ab9769e42e"" host=83ab9769e42e",83ab9769e42e,"1683203342.796189",0,"UI:Search",8,1683203342,8,8,completed,"0.316",,,,,,,,,,,,,,,,,,,,
"rt_md_1683292681.4","| metadata type=sourcetypes | search totalCount > 0",83ab9769e42e,"1683292681.354161",1,"UI:Search",0,1683292681,0,0,failed,"72.405",,,,,,,,,,,,,,,,,,,,
"1683292684.5","| history | search NOT search=""| history*"" AND NOT search=""*metadata*"" AND NOT search=""*loadjob*"" AND NOT savedsearch_name=""*"" AND NOT search=""search"" AND NOT search=""*from sid*"" AND NOT search=""| eventcount summarize=false index=* index=_**"" AND NOT provenance=""UI:LocateData"" AND NOT provenance=""UI:TableEditor"" AND NOT provenance=""UI:DataModel"" AND NOT provenance=""UI:Pivot"" AND NOT provenance=""UI:Dataset"" | dedup search | head 100000",83ab9769e42e,"1683292684.354671",0,"UI:Search",0,1683292684,8,0,completed,"0.098",,,,,,,,,,,,,,,,,,,,
"1683292693.7","| mcatalog values(metric_name) as metrics WHERE NOT metric_name=""*_mrollup_*"" AND (""index""=""*"" OR ""index""=""_*"" ) 
    | mvexpand metrics limit=20000",83ab9769e42e,"1683292693.711192",0,,677,1683292694,284,677,canceled,"0.662","1683291793.000000000","1683291793.000000000",,,,,,,,,,,,,,,,,,
"rt_md_1683292800.8","| metadata type=sourcetypes | search totalCount > 0",83ab9769e42e,"1683292800.023269",1,"UI:Search",0,1683292800,0,0,canceled,"14.169",,,,,,,,,,,,,,,,,,,,
"1683292802.9","| history | search NOT search=""| history*"" AND NOT search=""*metadata*"" AND NOT search=""*loadjob*"" AND NOT savedsearch_name=""*"" AND NOT search=""search"" AND NOT search=""*from sid*"" AND NOT search=""| eventcount summarize=false index=* index=_**"" AND NOT provenance=""UI:LocateData"" AND NOT provenance=""UI:TableEditor"" AND NOT provenance=""UI:DataModel"" AND NOT provenance=""UI:Pivot"" AND NOT provenance=""UI:Dataset"" | dedup search | head 100000",83ab9769e42e,"1683292802.153861",0,"UI:Search",0,1683292802,8,0,completed,"0.223",,,,,,,,,,,,,,,,,,,,
"1683292814.11","search source=""/var/log/*"" host=""192.168.2.21""",83ab9769e42e,"1683292814.025067",0,"UI:Search",0,1683292814,0,0,completed,"0.54","1683205200.000000000","1683205200.000000000","1683292814.000000000","1683292814.000000000",,,,,,,,,,,,,,,,
"rt_md_1683292963.12","| metadata type=sourcetypes | search totalCount > 0",83ab9769e42e,"1683292963.875259",1,"UI:Search",0,1683292964,0,0,canceled,"14.351",,,,,,,,,,,,,,,,,,,,
"1683292966.13","| history | search NOT search=""| history*"" AND NOT search=""*metadata*"" AND NOT search=""*loadjob*"" AND NOT savedsearch_name=""*"" AND NOT search=""search"" AND NOT search=""*from sid*"" AND NOT search=""| eventcount summarize=false index=* index=_**"" AND NOT provenance=""UI:LocateData"" AND NOT provenance=""UI:TableEditor"" AND NOT provenance=""UI:DataModel"" AND NOT provenance=""UI:Pivot"" AND NOT provenance=""UI:Dataset"" | dedup search | head 100000",83ab9769e42e,"1683292966.926821",0,"UI:Search",0,1683292967,8,0,completed,"0.23500000000000001",,,,,,,,,,,,,,,,,,,,
"1683292978.15","search source=""/var/log/*"" host=""83ab9769e42e""",83ab9769e42e,"1683292978.673579",0,"UI:Search",0,1683292979,0,0,completed,"0.579","1683205200.000000000","1683205200.000000000","1683292978.000000000","1683292978.000000000",,,,,,,,,,,,,,,,
"rt_md_1683293120.16","| metadata type=sourcetypes | search totalCount > 0",83ab9769e42e,"1683293120.353986",1,"UI:Search",0,1683293120,0,0,failed,"71.636",,,,,,,,,,,,,,,,,,,,
"rt_md_1683293450.3","| metadata type=sourcetypes | search totalCount > 0",83ab9769e42e,"1683293450.061304",1,"UI:Search",0,1683293450,0,0,failed,"146.484",,,,,,,,,,,,,,,,,,,,
"1683293451.4","| history | search NOT search=""| history*"" AND NOT search=""*metadata*"" AND NOT search=""*loadjob*"" AND NOT savedsearch_name=""*"" AND NOT search=""search"" AND NOT search=""*from sid*"" AND NOT search=""| eventcount summarize=false index=* index=_**"" AND NOT provenance=""UI:LocateData"" AND NOT provenance=""UI:TableEditor"" AND NOT provenance=""UI:DataModel"" AND NOT provenance=""UI:Pivot"" AND NOT provenance=""UI:Dataset"" | dedup search | head 100000",83ab9769e42e,"1683293451.810931",0,"UI:Search",0,1683293452,8,0,completed,"0.232",,,,,,,,,,,,,,,,,,,,
"1683293617.6","search source=""/home/*"" host=""83ab9769e42e""",83ab9769e42e,"1683293617.840106",0,"UI:Search",8,1683293618,8,8,completed,"0.761",,,,,,,,,,,,,,,,,,,,
"rt_md_1683293839.7","| metadata type=sourcetypes | search totalCount > 0",83ab9769e42e,"1683293839.498914",1,"UI:Search",0,1683293840,0,0,failed,"64.312",,,,,,,,,,,,,,,,,,,,
"rt_md_1683293845.8","| metadata type=sourcetypes | search totalCount > 0",83ab9769e42e,"1683293845.221767",1,"UI:Search",0,1683293845,0,0,failed,"65.602",,,,,,,,,,,,,,,,,,,,
"rt_md_1683293903.9","| metadata type=sourcetypes | search totalCount > 0",83ab9769e42e,"1683293903.945275",1,"UI:Search",0,1683293904,0,0,canceled,"23.327",,,,,,,,,,,,,,,,,,,,
"rt_md_1683293911.11","| metadata type=hosts | search totalCount > 0 | table host totalCount recentTime | fieldformat totalCount=tostring(totalCount, ""commas"") | fieldformat recentTime=strftime(recentTime, ""%Y-%m-%dT%H:%M:%S.%Q%:z"")",83ab9769e42e,"1683293911.516588",1,"UI:Search",0,1683293912,0,0,canceled,"15.326",,,,,,,,,,,,,,,,,,,,
"1683293927.13","search host=83ab9769e42e",83ab9769e42e,"1683293927.166244",0,"UI:Search",0,1683293927,0,0,completed,"1.599","1683205200.000000000","1683205200.000000000","1683293927.000000000","1683293927.000000000",,,,,,,,,,,,,,,,
"rt_md_1683293947.14","| metadata type=sourcetypes | search totalCount > 0",83ab9769e42e,"1683293948.020151",1,"UI:Search",0,1683293948,0,0,canceled,"38.188",,,,,,,,,,,,,,,,,,,,
"rt_md_1683293978.16","| metadata type=hosts | search totalCount > 0 | table host totalCount recentTime | fieldformat totalCount=tostring(totalCount, ""commas"") | fieldformat recentTime=strftime(recentTime, ""%Y-%m-%dT%H:%M:%S.%Q%:z"")",83ab9769e42e,"1683293978.919907",1,"UI:Search",0,1683293979,0,0,canceled,"7.304",,,,,,,,,,,,,,,,,,,,
"rt_md_1683293978.15","| metadata type=sourcetypes | search totalCount > 0 | table sourcetype totalCount recentTime | fieldformat totalCount=tostring(totalCount, ""commas"") | fieldformat recentTime=strftime(recentTime, ""%Y-%m-%dT%H:%M:%S.%Q%:z"")",83ab9769e42e,"1683293978.923333",1,"UI:Search",0,1683293979,0,0,canceled,"7.2940000000000005",,,,,,,,,,,,,,,,,,,,
"rt_md_1683293978.17","| metadata type=sources | search totalCount > 0 | table source totalCount recentTime | fieldformat totalCount=tostring(totalCount, ""commas"") | fieldformat recentTime=strftime(recentTime, ""%Y-%m-%dT%H:%M:%S.%Q%:z"")",83ab9769e42e,"1683293978.927123",1,"UI:Search",0,1683293979,0,0,canceled,"7.259",,,,,,,,,,,,,,,,,,,,
"1683293985.18","search host=83ab9769e42e| timechart count",83ab9769e42e,"1683293985.498617",0,"UI:Search",0,1683293985,0,0,completed,"2.599","1683205200.000000000","1683205200.000000000","1683293985.000000000","1683293985.000000000",,,,,,,,,,,,,,,,
"rt_md_1683293997.19","| metadata type=sourcetypes | search totalCount > 0",83ab9769e42e,"1683293997.785524",1,"UI:Search",0,1683293998,0,0,canceled,"7.432",,,,,,,,,,,,,,,,,,,,
"rt_md_1683294000.20","| metadata type=hosts | search totalCount > 0 | table host totalCount recentTime | fieldformat totalCount=tostring(totalCount, ""commas"") | fieldformat recentTime=strftime(recentTime, ""%Y-%m-%dT%H:%M:%S.%Q%:z"")",83ab9769e42e,"1683294000.524828",1,"UI:Search",0,1683294002,0,0,canceled,"3.791",,,,,,,,,,,,,,,,,,,,
"rt_md_1683294000.22","| metadata type=sources | search totalCount > 0 | table source totalCount recentTime | fieldformat totalCount=tostring(totalCount, ""commas"") | fieldformat recentTime=strftime(recentTime, ""%Y-%m-%dT%H:%M:%S.%Q%:z"")",83ab9769e42e,"1683294000.536937",1,"UI:Search",0,1683294001,0,0,canceled,"5.025",,,,,,,,,,,,,,,,,,,,
"1683294005.23","search host=83ab9769e42e",83ab9769e42e,"1683294005.473306",0,"UI:Search",0,1683294005,0,0,completed,"0.5680000000000001","1683205200.000000000","1683205200.000000000","1683294005.000000000","1683294005.000000000",,,,,,,,,,,,,,,,
"rt_md_1683294013.24","| metadata type=sourcetypes | search totalCount > 0",83ab9769e42e,"1683294013.593754",1,"UI:Search",0,1683294014,0,0,canceled,"26.696",,,,,,,,,,,,,,,,,,,,
"rt_md_1683294015.25","| metadata type=sourcetypes | search totalCount > 0 | table sourcetype totalCount recentTime | fieldformat totalCount=tostring(totalCount, ""commas"") | fieldformat recentTime=strftime(recentTime, ""%Y-%m-%dT%H:%M:%S.%Q%:z"")",83ab9769e42e,"1683294015.143218",1,"UI:Search",0,1683294016,0,0,canceled,"24.819",,,,,,,,,,,,,,,,,,,,
"1683294040.28","search host=83ab9769e42e",83ab9769e42e,"1683294040.560846",0,"UI:Search",0,1683294041,0,0,completed,"0.556","1683205200.000000000","1683205200.000000000","1683294040.000000000","1683294040.000000000",,,,,,,,,,,,,,,,
"1683294047.33","search host=grad-server",83ab9769e42e,"1683294047.607557",0,"UI:Search",0,1683294047,0,0,completed,"1.227","1683205200.000000000","1683205200.000000000","1683294047.000000000","1683294047.000000000",,,,,,,,,,,,,,,,
"1683294056.36","search host=""grad-server""",83ab9769e42e,"1683294056.393774",0,"UI:Search",0,1683294056,0,0,completed,"0.402","1683205200.000000000","1683205200.000000000","1683294056.000000000","1683294056.000000000",,,,,,,,,,,,,,,,
"1683294080.37","search host=""grad-server""",83ab9769e42e,"1683294080.178780",0,"UI:Search",0,1683294080,0,0,completed,"0.378","1683205200.000000000","1683205200.000000000","1683294080.000000000","1683294080.000000000",,,,,,,,,,,,,,,,
"rt_md_1683294279.42","| metadata type=sourcetypes | search totalCount > 0",83ab9769e42e,"1683294279.165766",1,"UI:Search",0,1683294279,0,0,failed,"64.238",,,,,,,,,,,,,,,,,,,,
"rt_md_1683294491.43","| metadata type=sourcetypes | search totalCount > 0",83ab9769e42e,"1683294491.412162",1,"UI:Search",0,1683294491,0,0,canceled,"8.452",,,,,,,,,,,,,,,,,,,,
"rt_md_1683294493.44","| metadata type=sourcetypes | search totalCount > 0 | table sourcetype totalCount recentTime | fieldformat totalCount=tostring(totalCount, ""commas"") | fieldformat recentTime=strftime(recentTime, ""%Y-%m-%dT%H:%M:%S.%Q%:z"")",83ab9769e42e,"1683294493.440501",1,"UI:Search",0,1683294494,0,0,canceled,"4.92",,,,,,,,,,,,,,,,,,,,
"1683294499.47","search host=83ab9769e42e",83ab9769e42e,"1683294499.383830",0,"UI:Search",0,1683294500,0,0,completed,"0.58","1683205200.000000000","1683205200.000000000","1683294499.000000000","1683294499.000000000",,,,,,,,,,,,,,,,
"rt_md_1683294516.48","| metadata type=sourcetypes | search totalCount > 0",83ab9769e42e,"1683294516.365390",1,"UI:Search",0,1683294516,0,0,failed,"180.97",,,,,,,,,,,,,,,,,,,,
"rt_md_1683294518.49","| metadata type=sourcetypes | search totalCount > 0 | table sourcetype totalCount recentTime | fieldformat totalCount=tostring(totalCount, ""commas"") | fieldformat recentTime=strftime(recentTime, ""%Y-%m-%dT%H:%M:%S.%Q%:z"")",83ab9769e42e,"1683294518.133005",1,"UI:Search",0,1683294518,0,0,canceled,"136.72",,,,,,,,,,,,,,,,,,,,
"1683299386.3","search source=""/var/log/suricata/*"" host=""83ab9769e42e""",83ab9769e42e,"1683299386.963779",0,"UI:Search",1952,1683299387,1461,1952,completed,"2.25",,,,,,,,,,,,,,,,,,,,
"1683299582.5","search source=""/var/log/suricata/eve.json"" host=""83ab9769e42e"" sourcetype=""_json""",83ab9769e42e,"1683299582.650809",0,"UI:Search",0,1683299584,0,0,completed,"1.058",,,,,,,,,,,,,,,,,,,,
"1683299627.6","search source=""/var/log/suricata/eve.json"" host=""83ab9769e42e"" sourcetype=""_json""",83ab9769e42e,"1683299627.341025",0,"UI:Search",0,1683299627,0,0,completed,"1.11",,,,,,,,,,,,,,,,,,,,
"1683299634.8","search source=""/var/log/suricata/eve.json"" host=""83ab9769e42e""",83ab9769e42e,"1683299634.118617",0,"UI:Search",1463,1683299634,1062,1463,completed,"0.906",,,,,,,,,,,,,,,,,,,,
"1683369163.5","search source=""/var/log/suricata/test.pcap"" host=""83ab9769e42e"" sourcetype=""pcap""",83ab9769e42e,"1683369163.912816",0,"UI:Search",0,1683369164,0,0,completed,"0.221",,,,,,,,,,,,,,,,,,,,
"rt_md_1683369216.6","| metadata type=sourcetypes | search totalCount > 0",83ab9769e42e,"1683369216.101034",1,"UI:Search",0,1683369216,0,0,canceled,"12.055",,,,,,,,,,,,,,,,,,,,
"rt_md_1683369218.7","| metadata type=sourcetypes | search totalCount > 0 | table sourcetype totalCount recentTime | fieldformat totalCount=tostring(totalCount, ""commas"") | fieldformat recentTime=strftime(recentTime, ""%Y-%m-%dT%H:%M:%S.%Q%:z"")",83ab9769e42e,"1683369218.178508",1,"UI:Search",0,1683369218,0,0,canceled,"10.194",,,,,,,,,,,,,,,,,,,,
"rt_md_1683369218.8","| metadata type=sources | search totalCount > 0 | table source totalCount recentTime | fieldformat totalCount=tostring(totalCount, ""commas"") | fieldformat recentTime=strftime(recentTime, ""%Y-%m-%dT%H:%M:%S.%Q%:z"")",83ab9769e42e,"1683369218.186891",1,"UI:Search",0,1683369218,0,0,canceled,"9.196",,,,,,,,,,,,,,,,,,,,
"1683369227.10","search source=""/var/log/suricata/test.pcap""",83ab9769e42e,"1683369227.289935",0,"UI:Search",1,1683369227,1,1,completed,"0.306","1683280800.000000000","1683280800.000000000","1683369227.000000000","1683369227.000000000",,,,,,,,,,,,,,,,
"1683370068.14","search source=""/var/log/suricata/output.json"" host=""83ab9769e42e"" sourcetype=""_json""",83ab9769e42e,"1683370068.213340",0,"UI:Search",0,1683370068,0,0,completed,"0.228",,,,,,,,,,,,,,,,,,,,
"1683370081.17","search source=""/var/log/suricata/output.json"" host=""83ab9769e42e""",83ab9769e42e,"1683370081.012981",0,"UI:Search",81,1683370081,81,81,completed,"0.322",,,,,,,,,,,,,,,,,,,,
"rt_md_1683545082.3","| metadata type=sourcetypes | search totalCount > 0",83ab9769e42e,"1683545082.752550",1,"UI:Search",0,1683545082,0,0,canceled,"20.131",,,,,,,,,,,,,,,,,,,,
"rt_md_1683545095.5","| metadata type=sourcetypes | search totalCount > 0 | table sourcetype totalCount recentTime | fieldformat totalCount=tostring(totalCount, ""commas"") | fieldformat recentTime=strftime(recentTime, ""%Y-%m-%dT%H:%M:%S.%Q%:z"")",83ab9769e42e,"1683545095.435710",1,"UI:Search",0,1683545095,0,0,canceled,"7.172",,,,,,,,,,,,,,,,,,,,
"rt_md_1683545095.7","| metadata type=hosts | search totalCount > 0 | table host totalCount recentTime | fieldformat totalCount=tostring(totalCount, ""commas"") | fieldformat recentTime=strftime(recentTime, ""%Y-%m-%dT%H:%M:%S.%Q%:z"")",83ab9769e42e,"1683545095.447647",1,"UI:Search",0,1683545095,0,0,canceled,"7.2940000000000005",,,,,,,,,,,,,,,,,,,,
"1683545102.8","search source=""/var/log/suricata/eve.json""",83ab9769e42e,"1683545102.220465",0,"UI:Search",134,1683545102,134,134,completed,"0.316","1683457200.000000000","1683457200.000000000","1683545102.000000000","1683545102.000000000",,,,,,,,,,,,,,,,
"rt_md_1684246274.3","| metadata type=sourcetypes | search totalCount > 0",83ab9769e42e,"1684246274.306285",1,"UI:Search",0,1684246274,0,0,failed,"54.976",,,,,,,,,,,,,,,,,,,,
"rt_md_1684321583.3","| metadata type=sourcetypes | search totalCount > 0",83ab9769e42e,"1684321583.455665",1,"UI:Search",0,1684321583,0,0,failed,"95.306",,,,,,,,,,,,,,,,,,,,
"rt_md_1684321604.4","| metadata type=sourcetypes | search totalCount > 0 | table sourcetype totalCount recentTime | fieldformat totalCount=tostring(totalCount, ""commas"") | fieldformat recentTime=strftime(recentTime, ""%Y-%m-%dT%H:%M:%S.%Q%:z"")",83ab9769e42e,"1684321604.002062",1,"UI:Search",0,1684321604,0,0,canceled,"11.147",,,,,,,,,,,,,,,,,,,,
"rt_md_1684321604.5","| metadata type=hosts | search totalCount > 0 | table host totalCount recentTime | fieldformat totalCount=tostring(totalCount, ""commas"") | fieldformat recentTime=strftime(recentTime, ""%Y-%m-%dT%H:%M:%S.%Q%:z"")",83ab9769e42e,"1684321604.008326",1,"UI:Search",0,1684321604,0,0,canceled,"11.372",,,,,,,,,,,,,,,,,,,,
"rt_md_1684321604.6","| metadata type=sources | search totalCount > 0 | table source totalCount recentTime | fieldformat totalCount=tostring(totalCount, ""commas"") | fieldformat recentTime=strftime(recentTime, ""%Y-%m-%dT%H:%M:%S.%Q%:z"")",83ab9769e42e,"1684321604.010513",1,"UI:Search",0,1684321604,0,0,canceled,"11.322000000000001",,,,,,,,,,,,,,,,,,,,
"rt_md_1684321786.9","| metadata type=sourcetypes | search totalCount > 0",83ab9769e42e,"1684321786.371902",1,"UI:Search",0,1684321786,0,0,canceled,"10.145",,,,,,,,,,,,,,,,,,,,
"rt_md_1684321788.10","| metadata type=sourcetypes | search totalCount > 0 | table sourcetype totalCount recentTime | fieldformat totalCount=tostring(totalCount, ""commas"") | fieldformat recentTime=strftime(recentTime, ""%Y-%m-%dT%H:%M:%S.%Q%:z"")",83ab9769e42e,"1684321788.337232",1,"UI:Search",0,1684321788,0,0,canceled,"9.21",,,,,,,,,,,,,,,,,,,,
"rt_md_1684321788.12","| metadata type=sources | search totalCount > 0 | table source totalCount recentTime | fieldformat totalCount=tostring(totalCount, ""commas"") | fieldformat recentTime=strftime(recentTime, ""%Y-%m-%dT%H:%M:%S.%Q%:z"")",83ab9769e42e,"1684321788.344346",1,"UI:Search",0,1684321788,0,0,canceled,"9.226",,,,,,,,,,,,,,,,,,,,
"1684321796.13","search source=""/var/log/suricata/eve.json""",83ab9769e42e,"1684321796.624987",0,"UI:Search",2379,1684321796,1000,2379,completed,"0.791","1684234800.000000000","1684234800.000000000","1684321796.000000000","1684321796.000000000",,,,,,,,,,,,,,,,
"1684321814.14","search source=""/var/log/suricata/eve.json"" src_ip=""192.168.2.202""",83ab9769e42e,"1684321814.900976",0,"UI:Search",993,1684321814,993,1011,completed,"0.547","1684234800.000000000","1684234800.000000000","1684321814.000000000","1684321814.000000000",,,,,,,,,,,,,,,,
"1684321883.15","search source=""/var/log/suricata/eve.json"" src_ip=""192.168.2.202""| rare limit=20 src_port",83ab9769e42e,"1684321883.018211",0,"UI:Search",993,1684321883,20,1052,completed,"0.492","1684234800.000000000","1684234800.000000000","1684321883.000000000","1684321883.000000000",,,,,,,,,,,,,,,,
"1684321988.16","| loadjob 1684321883.15 events=true require_finished=false | cluster t=0.8 labelonly=true labelfield=_patterns match=termset | findkeywords labelfield=_patterns dedup=true",83ab9769e42e,"1684321988.437392",0,"UI:Search",993,1684321988,82,0,completed,"0.353","1684234800.000000000","1684234800.000000000","1684321988.000000000","1684321988.000000000",,,,,,,,,,,,,,,,
"1684321995.18","| loadjob 1684321883.15 events=true require_finished=false | cluster t=0.3 labelonly=true labelfield=_patterns match=termset | findkeywords labelfield=_patterns dedup=true",83ab9769e42e,"1684321995.541225",0,"UI:Search",993,1684321995,2,0,completed,"0.224","1684234800.000000000","1684234800.000000000","1684321995.000000000","1684321995.000000000",,,,,,,,,,,,,,,,
"1684321998.20","| loadjob 1684321883.15 events=true require_finished=false | cluster t=0.9 labelonly=true labelfield=_patterns match=termset | findkeywords labelfield=_patterns dedup=true",83ab9769e42e,"1684321998.825778",0,"UI:Search",993,1684321999,135,0,completed,"0.6910000000000001","1684234800.000000000","1684234800.000000000","1684321998.000000000","1684321998.000000000",,,,,,,,,,,,,,,,
"1684322028.22","search source=""/var/log/suricata/eve.json"" src_ip=""192.168.2.202"" src_port=49348 | rare  limit=20 src_port",83ab9769e42e,"1684322028.945044",0,"UI:Search",8,1684322029,1,38,completed,"0.534","1684234800.000000000","1684234800.000000000","1684322028.000000000","1684322028.000000000",,,,,,,,,,,,,,,,
"1684322057.23","search source=""/var/log/suricata/eve.json"" src_ip=""192.168.2.202"" src_port=49348  src_port=""*""",83ab9769e42e,"1684322057.052603",0,"UI:Search",8,1684322057,8,40,completed,"0.404","1684234800.000000000","1684234800.000000000","1684322057.000000000","1684322057.000000000",,,,,,,,,,,,,,,,
"1684322110.24","search source=""/var/log/suricata/eve.json"" src_ip=""192.168.2.202"" src_port=64607  src_port=""*""",83ab9769e42e,"1684322110.773003",0,"UI:Search",1,1684322110,1,61,completed,"0.483","1684234800.000000000","1684234800.000000000","1684322110.000000000","1684322110.000000000",,,,,,,,,,,,,,,,
"rt_md_1684498345.3","| metadata type=sourcetypes | search totalCount > 0",83ab9769e42e,"1684498345.505381",1,"UI:Search",0,1684498345,0,0,canceled,"9.109",,,,,,,,,,,,,,,,,,,,
"rt_md_1684498350.4","| metadata type=sourcetypes | search totalCount > 0 | table sourcetype totalCount recentTime | fieldformat totalCount=tostring(totalCount, ""commas"") | fieldformat recentTime=strftime(recentTime, ""%Y-%m-%dT%H:%M:%S.%Q%:z"")",83ab9769e42e,"1684498350.465454",1,"UI:Search",0,1684498350,0,0,canceled,"5.192",,,,,,,,,,,,,,,,,,,,
"rt_md_1684498350.6","| metadata type=hosts | search totalCount > 0 | table host totalCount recentTime | fieldformat totalCount=tostring(totalCount, ""commas"") | fieldformat recentTime=strftime(recentTime, ""%Y-%m-%dT%H:%M:%S.%Q%:z"")",83ab9769e42e,"1684498350.471527",1,"UI:Search",0,1684498350,0,0,canceled,"5.236",,,,,,,,,,,,,,,,,,,,
"1684498354.7","search host=83ab9769e42e",83ab9769e42e,"1684498354.645995",0,"UI:Search",18988,1684498354,1000,18988,completed,"1.24","1684411200.000000000","1684411200.000000000","1684498354.000000000","1684498354.000000000",,,,,,,,,,,,,,,,
"rt_md_1684499024.9","| metadata type=sourcetypes | search totalCount > 0",83ab9769e42e,"1684499024.976140",1,"UI:Search",0,1684499025,0,0,canceled,"9.899000000000001",,,,,,,,,,,,,,,,,,,,
"rt_md_1684499026.10","| metadata type=hosts | search totalCount > 0 | table host totalCount recentTime | fieldformat totalCount=tostring(totalCount, ""commas"") | fieldformat recentTime=strftime(recentTime, ""%Y-%m-%dT%H:%M:%S.%Q%:z"")",83ab9769e42e,"1684499026.579695",1,"UI:Search",0,1684499027,0,0,canceled,"8.69",,,,,,,,,,,,,,,,,,,,
"rt_md_1684499026.11","| metadata type=sourcetypes | search totalCount > 0 | table sourcetype totalCount recentTime | fieldformat totalCount=tostring(totalCount, ""commas"") | fieldformat recentTime=strftime(recentTime, ""%Y-%m-%dT%H:%M:%S.%Q%:z"")",83ab9769e42e,"1684499026.585966",1,"UI:Search",0,1684499027,0,0,canceled,"8.601",,,,,,,,,,,,,,,,,,,,
"1684499035.13","search source=""/var/log/suricata/eve.json""",83ab9769e42e,"1684499035.133133",0,"UI:Search",2132,1684499035,1000,2132,completed,"0.9400000000000001","1684411200.000000000","1684411200.000000000","1684499035.000000000","1684499035.000000000",,,,,,,,,,,,,,,,
"1684499143.14","| loadjob 1684499035.13 events=true require_finished=false | cluster t=0.9 labelonly=true labelfield=_patterns match=termset | findkeywords labelfield=_patterns dedup=true",83ab9769e42e,"1684499143.121309",0,"UI:Search",1729,1684499143,100,0,completed,"1.103","1684411200.000000000","1684411200.000000000","1684499143.000000000","1684499143.000000000",,,,,,,,,,,,,,,,
"1684499161.16","search source=""/var/log/suricata/eve.json"" date_wday=friday",83ab9769e42e,"1684499161.077123",0,"UI:Search",2288,1684499161,1000,2288,completed,"0.737","1684411200.000000000","1684411200.000000000","1684499161.000000000","1684499161.000000000",,,,,,,,,,,,,,,,
"1684499217.30","search source=""/var/log/suricata/eve.json"" date_wday=""wednesday""",83ab9769e42e,"1684499217.189233",0,"UI:Search",0,1684499217,0,0,completed,"0.191","1684411200.000000000","1684411200.000000000","1684499217.000000000","1684499217.000000000",,,,,,,,,,,,,,,,
"1684499222.31","search source=""/var/log/suricata/eve.json"" date_wday=""wednesday""",83ab9769e42e,"1684499222.585847",0,"UI:Search",0,1684499222,0,0,completed,"0.185","1684411200.000000000","1684411200.000000000","1684499222.000000000","1684499222.000000000",,,,,,,,,,,,,,,,
"rt_md_1685696533.3","| metadata type=sourcetypes | search totalCount > 0",83ab9769e42e,"1685696533.335783",1,"UI:Search",0,1685696533,0,0,canceled,"18.521",,,,,,,,,,,,,,,,,,,,
"1685696539.4","| history | search NOT search=""| history*"" AND NOT search=""*metadata*"" AND NOT search=""*loadjob*"" AND NOT savedsearch_name=""*"" AND NOT search=""search"" AND NOT search=""*from sid*"" AND NOT search=""| eventcount summarize=false index=* index=_**"" AND NOT provenance=""UI:LocateData"" AND NOT provenance=""UI:TableEditor"" AND NOT provenance=""UI:DataModel"" AND NOT provenance=""UI:Pivot"" AND NOT provenance=""UI:Dataset"" | dedup search | head 100000",83ab9769e42e,"1685696539.134844",0,"UI:Search",0,1685696539,28,0,completed,"0.353",,,,,,,,,,,,,,,,,,,,
"rt_md_1685696543.7","| metadata type=hosts | search totalCount > 0 | table host totalCount recentTime | fieldformat totalCount=tostring(totalCount, ""commas"") | fieldformat recentTime=strftime(recentTime, ""%Y-%m-%dT%H:%M:%S.%Q%:z"")",83ab9769e42e,"1685696543.371591",1,"UI:Search",0,1685696545,0,0,canceled,"7.539000000000001",,,,,,,,,,,,,,,,,,,,
"1685696552.9","search host=83ab9769e42e",83ab9769e42e,"1685696552.583656",0,"UI:Search",11913,1685696553,1000,11913,completed,"6.8580000000000005","1685610000.000000000","1685610000.000000000","1685696552.000000000","1685696552.000000000",,,,,,,,,,,,,,,,
"rt_md_1685696626.10","| metadata type=sourcetypes | search totalCount > 0",83ab9769e42e,"1685696626.185575",1,"UI:Search",0,1685696626,0,0,canceled,"14.482000000000001",,,,,,,,,,,,,,,,,,,,
"rt_md_1685696628.13","| metadata type=sources | search totalCount > 0 | table source totalCount recentTime | fieldformat totalCount=tostring(totalCount, ""commas"") | fieldformat recentTime=strftime(recentTime, ""%Y-%m-%dT%H:%M:%S.%Q%:z"")",83ab9769e42e,"1685696628.846458",1,"UI:Search",0,1685696629,0,0,canceled,"11.916",,,,,,,,,,,,,,,,,,,,
"1685696640.14","search source=""/var/log/suricata/eve.json""",83ab9769e42e,"1685696640.712990",0,"UI:Search",966,1685696641,966,966,completed,"1.976","1685610000.000000000","1685610000.000000000","1685696640.000000000","1685696640.000000000",,,,,,,,,,,,,,,,
"1685696671.15","search source=""/var/log/suricata/eve.json"" dest_port=8000",83ab9769e42e,"1685696671.044415",0,"UI:Search",336,1685696671,336,448,completed,"1.414","1685610000.000000000","1685610000.000000000","1685696671.000000000","1685696671.000000000",,,,,,,,,,,,,,,,
"1685696676.16","search source=""/var/log/suricata/eve.json"" dest_port=22",83ab9769e42e,"1685696676.319710",0,"UI:Search",4,1685696676,4,109,completed,"2.446","1685610000.000000000","1685610000.000000000","1685696676.000000000","1685696676.000000000",,,,,,,,,,,,,,,,
"rt_md_1685708241.4","| metadata type=sourcetypes | search totalCount > 0",83ab9769e42e,"1685708241.584478",1,"UI:Search",0,1685708241,0,0,canceled,"9.302",,,,,,,,,,,,,,,,,,,,
"rt_md_1685708244.6","| metadata type=sources | search totalCount > 0 | table source totalCount recentTime | fieldformat totalCount=tostring(totalCount, ""commas"") | fieldformat recentTime=strftime(recentTime, ""%Y-%m-%dT%H:%M:%S.%Q%:z"")",83ab9769e42e,"1685708244.024423",1,"UI:Search",0,1685708244,0,0,canceled,"6.415",,,,,,,,,,,,,,,,,,,,
"1685708250.8","search source=""/var/log/suricata/eve.json""",83ab9769e42e,"1685708250.738734",0,"UI:Search",3127,1685708251,1518,3127,completed,"2.49","1685620800.000000000","1685620800.000000000","1685708250.000000000","1685708250.000000000",,,,,,,,,,,,,,,,
"rt_md_1686062014.3","| metadata type=sourcetypes | search totalCount > 0",83ab9769e42e,"1686062014.913214",1,"UI:Search",0,1686062015,0,0,canceled,"56.457",,,,,,,,,,,,,,,,,,,,
"rt_md_1686062063.5","| metadata type=hosts | search totalCount > 0 | table host totalCount recentTime | fieldformat totalCount=tostring(totalCount, ""commas"") | fieldformat recentTime=strftime(recentTime, ""%Y-%m-%dT%H:%M:%S.%Q%:z"")",83ab9769e42e,"1686062063.185848",1,"UI:Search",0,1686062063,0,0,canceled,"7.585",,,,,,,,,,,,,,,,,,,,
"rt_md_1686062063.6","| metadata type=sources | search totalCount > 0 | table source totalCount recentTime | fieldformat totalCount=tostring(totalCount, ""commas"") | fieldformat recentTime=strftime(recentTime, ""%Y-%m-%dT%H:%M:%S.%Q%:z"")",83ab9769e42e,"1686062063.187780",1,"UI:Search",0,1686062063,0,0,canceled,"8.697000000000001",,,,,,,,,,,,,,,,,,,,
"1686062071.7","search source=""/var/log/suricata/eve.json""",83ab9769e42e,"1686062071.112653",0,"UI:Search",8419,1686062072,1000,8419,completed,"4.553","1685973600.000000000","1685973600.000000000","1686062071.000000000","1686062071.000000000",,,,,,,,,,,,,,,,
"1686062136.8","search source=""/var/log/suricata/eve.json"" src_port=49305",83ab9769e42e,"1686062136.247007",0,"UI:Search",138,1686062136,138,139,completed,"0.382","1685973600.000000000","1685973600.000000000","1686062136.000000000","1686062136.000000000",,,,,,,,,,,,,,,,
"1686062153.9","search source=""/var/log/suricata/eve.json"" src_port=54420",83ab9769e42e,"1686062153.340244",0,"UI:Search",3,1686062153,3,14,completed,"0.202","1685973600.000000000","1685973600.000000000","1686062153.000000000","1686062153.000000000",,,,,,,,,,,,,,,,
